{"cameraMode":{"drawMode":0,"name":"Shaded","section":"Shading Mode"},"sceneLighting":true,"audioPlay":false,"sceneViewState":{"m_AlwaysRefresh":false,"showFog":true,"showSkybox":true,"showFlares":true,"showImageEffects":true,"showParticleSystems":true,"showVisualEffectGraphs":true,"m_FxEnabled":true},"in2DMode":false,"pivot":{"x":0.8218932151794434,"y":0.48712658882141116,"z":-7.013331413269043},"rotation":{"x":0.126329705119133,"y":-0.11282981932163239,"z":0.014464348554611206,"w":0.9854470491409302},"size":5.542175769805908,"orthographic":true}