{"cameraMode":{"drawMode":0,"name":"Shaded","section":"Shading Mode"},"sceneLighting":true,"audioPlay":false,"sceneViewState":{"m_AlwaysRefresh":false,"showFog":true,"showSkybox":true,"showFlares":true,"showImageEffects":true,"showParticleSystems":true,"showVisualEffectGraphs":true,"m_FxEnabled":true},"in2DMode":false,"pivot":{"x":13.717535018920899,"y":1.5208263397216797,"z":5.018764495849609},"rotation":{"x":0.15785032510757447,"y":-0.2028340995311737,"z":0.03314913809299469,"w":0.9658464789390564},"size":20.56147003173828,"orthographic":false}