{"cameraMode":{"drawMode":0,"name":"Shaded","section":"Shading Mode"},"sceneLighting":true,"audioPlay":false,"sceneViewState":{"m_AlwaysRefresh":false,"showFog":true,"showSkybox":true,"showFlares":true,"showImageEffects":true,"showParticleSystems":true,"showVisualEffectGraphs":true,"m_FxEnabled":true},"in2DMode":false,"pivot":{"x":4.226537704467773,"y":0.5237841606140137,"z":-7.4162397384643559},"rotation":{"x":0.2593448758125305,"y":-0.24524474143981934,"z":0.06824950873851776,"w":0.9316236972808838},"size":5.534152507781982,"orthographic":true}